Name,UserName,OrgDefinedId,Role,LastAccessed
"Alvarez, Maria",m204kqr,M10482913,Student,2026-01-14 09:12 AM
"Nakamura, Kenji",k142drf,K10228475,Student,2026-01-13 04:55 PM
"Whitfield, Grace",W101ABC,G10337712,Student,2026-01-13 08:03 AM
"Okonkwo, Chidi ",c330bvn ,C10774219,student,2026-01-12 11:02 AM
"Lindqvist, Åsa",a118mjt,A10553107,STUDENT,2026-01-11 08:30 AM
"Bąk, Tomasz",t119zwl,T10093844,Student,
Pat Quinlan,p188rtk,P10620934,Student,2026-01-10 02:17 PM

"Carver, Dana",d151hgp,D10664302,Faculty,2026-01-14 07:45 AM
"Brennan, Owen",o173sct,O10119283,Teaching Assistant,2026-01-09 06:20 PM
"Alvarez, Maria",M204KQR,M10482913,Student,2026-01-08 10:00 AM
", ",,B10999001,Student,
"Student, Demo",d999dmo,D99999999,Demo Student,
